model,sample_id,reference,prediction,latency_sec,audio_duration_sec,rtf,wer,memory_rss_before_mb,memory_rss_after_mb,memory_delta_mb,device,model_total_runtime_sec
Whisper Small,6930-75918-0000,concord returned to its place amidst the tents,concord returned to its place amidst the tents.,6.642319000005955,3.505,1.8950981455081184,0.125,651.03125,450.86328125,-200.16796875,cpu,123.75166549999267
Whisper Small,6930-75918-0001,the english forwarded to the french baskets of flowers of which they had made a plentiful provision to greet the arrival of the young princess the french in return invited the english to a supper which was to be given the next day,"the english voted to the french baskets of flowers of which they had made a plentiful provision to greet the arrival of the young princess. the french, in return, invited the english to a supper, which was to be given the next day.",6.827933399996255,14.225,0.47999531810166995,0.13953488372093023,651.03125,450.86328125,-200.16796875,cpu,123.75166549999267
Whisper Small,6930-75918-0002,congratulations were poured in upon the princess everywhere during her journey,congratulations were poured in upon the princess everywhere during her journey.,4.7208581999875605,5.025,0.9394742686542409,0.09090909090909091,651.03125,450.86328125,-200.16796875,cpu,123.75166549999267
Whisper Small,6930-75918-0003,from the respect paid her on all sides she seemed like a queen and from the adoration with which she was treated by two or three she appeared an object of worship the queen mother gave the french the most affectionate reception france was her native country and she had suffered too much unhappiness in england for england to have made her forget france,"from the respect paid her on all sides, she seemed like a queen, and from the adoration with which she was treated by two or three, she appeared an object of worship. the queen mother gave the french the most affectionate reception. france was her native country, and she had suffered too much unhappiness in england for england to have made her forget france.",8.82548049997422,23.315,0.3785322968035264,0.109375,651.03125,450.86328125,-200.16796875,cpu,123.75166549999267
Whisper Small,6930-75918-0004,she taught her daughter then by her own affection for it that love for a country where they had both been hospitably received and where a brilliant future opened before them,"she taught her daughter, then, by her own affection for it, that love for a country where they had both been hospitably received and where a brilliant future opened for them.",6.669746400002623,11.065,0.6027787076369293,0.16129032258064516,651.03125,450.86328125,-200.16796875,cpu,123.75166549999267
Whisper Small,6930-75918-0005,the count had thrown himself back on his seat leaning his shoulders against the partition of the tent and remained thus his face buried in his hands with heaving chest and restless limbs,"the count had thrown himself back on his seat, leaning his shoulders against the partition of the tent, and remained thus, his face buried in his hands, with heaving chest and restless limbs.",6.161930799979018,13.16,0.4682318237066123,0.15151515151515152,651.03125,450.86328125,-200.16796875,cpu,123.75166549999267
Whisper Small,6930-75918-0006,this has indeed been a harassing day continued the young man his eyes fixed upon his friend,"this has indeed been a harassing day, continued the young man, his eyes fixed upon his friend.",5.009327600011602,5.85,0.8562953162412995,0.17647058823529413,651.03125,450.86328125,-200.16796875,cpu,123.75166549999267
Whisper Small,6930-75918-0007,you will be frank with me i always am,you will be frank with me. i always am,4.727512199984631,3.315,1.4260971945654994,0.1111111111111111,651.03125,450.86328125,-200.16796875,cpu,123.75166549999267
Whisper Small,6930-75918-0008,can you imagine why buckingham has been so violent i suspect,can you imagine why buckingham has been so violent? i suspect.,5.04852199999732,4.785,1.0550725182857512,0.18181818181818182,651.03125,450.86328125,-200.16796875,cpu,123.75166549999267
Whisper Small,6930-75918-0009,it is you who are mistaken raoul i have read his distress in his eyes in his every gesture and action the whole day,"it is you who are mistaken, raul. i have read his distress in his eyes, in his every gesture and action the whole day.",5.965771699993638,7.28,0.8194741346145107,0.16666666666666666,651.03125,450.86328125,-200.16796875,cpu,123.75166549999267
Whisper Small,6930-75918-0010,i can perceive love clearly enough,i can perceive love clearly enough.,4.6407179000088945,3.035,1.5290668533801959,0.16666666666666666,651.03125,450.86328125,-200.16796875,cpu,123.75166549999267
Whisper Small,6930-75918-0011,i am convinced of what i say said the count,"i am convinced of what i say,"" said the count.",4.715833499998553,3.195,1.4760042253516599,0.2,651.03125,450.86328125,-200.16796875,cpu,123.75166549999267
Whisper Small,6930-75918-0012,it is annoyance then,it is annoyance then.,4.166771499993047,1.94,2.147820360821158,0.25,651.03125,450.86328125,-200.16796875,cpu,123.75166549999267
Whisper Small,6930-75918-0013,in those very terms i even added more,"in those very terms, i even added more.",4.327283799997531,2.94,1.4718652380943982,0.25,651.03125,450.86328125,-200.16796875,cpu,123.75166549999267
Whisper Small,6930-75918-0014,but continued raoul not interrupted by this movement of his friend heaven be praised the french who are pronounced to be thoughtless and indiscreet reckless even are capable of bringing a calm and sound judgment to bear on matters of such high importance,"but, continued rao, not interrupted by this movement of his friend, heaven be praised, the french, who are pronounced to be thoughtless and indiscreet, reckless even, are capable of bringing a calm and sound judgment to bear on matters of such high importance.",7.555777700006729,16.84,0.4486803859861478,0.18604651162790697,651.03125,450.86328125,-200.16796875,cpu,123.75166549999267
Whisper Small,6930-75918-0015,thus it is that the honor of three is saved our country's our master's and our own,"thus, it is that the honor of three is saved, our country, our masters, and our own.",5.450035099987872,6.38,0.8542374764871272,0.29411764705882354,651.03125,450.86328125,-200.16796875,cpu,123.75166549999267
Whisper Small,6930-75918-0016,yes i need repose many things have agitated me to day both in mind and body when you return to morrow i shall no longer be the same man,"yes, i need repose. many things have agitated me today, both in mind and body. when you return tomorrow, i shall no longer be the same man.",6.0031896000145935,10.015,0.5994198302560751,0.27586206896551724,651.03125,450.86328125,-200.16796875,cpu,123.75166549999267
Whisper Small,6930-75918-0017,but in this friendly pressure raoul could detect the nervous agitation of a great internal conflict,"but in this friendly pressure, raoul could detect the nervous agitation of a great internal conflict.",4.9089598999999,6.16,0.7969090746753084,0.125,651.03125,450.86328125,-200.16796875,cpu,123.75166549999267
Whisper Small,6930-75918-0018,the night was clear starlit and splendid the tempest had passed away and the sweet influences of the evening had restored life peace and security everywhere,"the night was clear, starlit and splendid. the tempest had passed away, and the sweet influences of the evening had restored life, peace, and security everywhere.",5.841160700016189,10.81,0.5403478908433107,0.23076923076923078,651.03125,450.86328125,-200.16796875,cpu,123.75166549999267
Whisper Small,6930-75918-0019,upon the large square in front of the hotel the shadows of the tents intersected by the golden moonbeams formed as it were a huge mosaic of jet and yellow flagstones,"upon the large square in front of the hotel, the shadows of the tents intersected by the golden moon beams formed as it were a huge mosaic of jet and yellow flagstones.",6.353404099994805,11.6450625,0.5455878059902903,0.12903225806451613,651.03125,450.86328125,-200.16796875,cpu,123.75166549999267
Faster-Whisper Small,6930-75918-0000,concord returned to its place amidst the tents,concord returned to its place amidst the tents.,2.726390600000741,3.505,0.7778575178318805,0.125,451.0546875,472.30078125,21.24609375,cpu,62.20566520001739
Faster-Whisper Small,6930-75918-0001,the english forwarded to the french baskets of flowers of which they had made a plentiful provision to greet the arrival of the young princess the french in return invited the english to a supper which was to be given the next day,"the english voted to the french baskets of flowers of which they had made a plentiful provision to greet the arrival of the young princess. the french, in return, invited the english to a supper, which was to be given the next day.",3.524493800010532,14.225,0.24776757820812179,0.13953488372093023,451.0546875,472.30078125,21.24609375,cpu,62.20566520001739
Faster-Whisper Small,6930-75918-0002,congratulations were poured in upon the princess everywhere during her journey,congratulations were poured in upon the princess everywhere during her journey.,2.521761799987871,5.025,0.5018431442761933,0.09090909090909091,451.0546875,472.30078125,21.24609375,cpu,62.20566520001739
Faster-Whisper Small,6930-75918-0003,from the respect paid her on all sides she seemed like a queen and from the adoration with which she was treated by two or three she appeared an object of worship the queen mother gave the french the most affectionate reception france was her native country and she had suffered too much unhappiness in england for england to have made her forget france,"from the respect paid her on all sides, she seemed like a queen, and from the adoration with which she was treated by two or three, she appeared an object of worship. the queen mother gave the french the most affectionate reception. france was her native country, and she had suffered too much unhappiness in england for england to have made her forget france.",3.915229999984149,23.315,0.16792751447497958,0.109375,451.0546875,472.30078125,21.24609375,cpu,62.20566520001739
Faster-Whisper Small,6930-75918-0004,she taught her daughter then by her own affection for it that love for a country where they had both been hospitably received and where a brilliant future opened before them,"she taught her daughter, then, by her own affection for it, that love for a country where they had both been hospitably received and where a brilliant future opened for them.",3.0925866000179667,11.065,0.2794926886595542,0.16129032258064516,451.0546875,472.30078125,21.24609375,cpu,62.20566520001739
Faster-Whisper Small,6930-75918-0005,the count had thrown himself back on his seat leaning his shoulders against the partition of the tent and remained thus his face buried in his hands with heaving chest and restless limbs,"the count had thrown himself back on his seat, leaning his shoulders against the partition of the tent and remained thus, his face buried in his hands with heaving chest and restless limbs.",3.431289799977094,13.16,0.26073630698914085,0.09090909090909091,451.0546875,472.30078125,21.24609375,cpu,62.20566520001739
Faster-Whisper Small,6930-75918-0006,this has indeed been a harassing day continued the young man his eyes fixed upon his friend,"this has indeed been a harassing day, continued the young man, his eyes fixed upon his friend.",3.002223099989351,5.85,0.5132005299127096,0.17647058823529413,451.0546875,472.30078125,21.24609375,cpu,62.20566520001739
Faster-Whisper Small,6930-75918-0007,you will be frank with me i always am,you will be frank with me. i always am,2.8265902000130154,3.315,0.852666727002418,0.1111111111111111,451.0546875,472.30078125,21.24609375,cpu,62.20566520001739
Faster-Whisper Small,6930-75918-0008,can you imagine why buckingham has been so violent i suspect,can you imagine why buckingham has been so violent? i suspect.,2.8546369999821763,4.785,0.5965803552731821,0.18181818181818182,451.0546875,472.30078125,21.24609375,cpu,62.20566520001739
Faster-Whisper Small,6930-75918-0009,it is you who are mistaken raoul i have read his distress in his eyes in his every gesture and action the whole day,"it is you who are mistaken, raul. i have read his distress in his eyes, in his every gesture and action the whole day.",3.095323300018208,7.28,0.4251817719805231,0.16666666666666666,451.0546875,472.30078125,21.24609375,cpu,62.20566520001739
Faster-Whisper Small,6930-75918-0010,i can perceive love clearly enough,i can perceive love clearly enough.,2.596976100001484,3.035,0.8556758154864856,0.16666666666666666,451.0546875,472.30078125,21.24609375,cpu,62.20566520001739
Faster-Whisper Small,6930-75918-0011,i am convinced of what i say said the count,"i am convinced of what i say,"" said the count.",2.602577600016957,3.195,0.8145782785655579,0.2,451.0546875,472.30078125,21.24609375,cpu,62.20566520001739
Faster-Whisper Small,6930-75918-0012,it is annoyance then,it is annoyance then.,2.3896663000050467,1.94,1.231786752579921,0.25,451.0546875,472.30078125,21.24609375,cpu,62.20566520001739
Faster-Whisper Small,6930-75918-0013,in those very terms i even added more,"in those very terms, i even added more.",2.501352399995085,2.94,0.85080013605275,0.25,451.0546875,472.30078125,21.24609375,cpu,62.20566520001739
Faster-Whisper Small,6930-75918-0014,but continued raoul not interrupted by this movement of his friend heaven be praised the french who are pronounced to be thoughtless and indiscreet reckless even are capable of bringing a calm and sound judgment to bear on matters of such high importance,"but, continued rao, not interrupted by this movement of his friend, heaven be praised, the french, who are pronounced to be thoughtless and indiscreet, reckless even, are capable of bringing a calm and sound judgment to bear on matters of such high importance.",3.448994500009576,16.84,0.2048096496442741,0.18604651162790697,451.0546875,472.30078125,21.24609375,cpu,62.20566520001739
Faster-Whisper Small,6930-75918-0015,thus it is that the honor of three is saved our country's our master's and our own,"thus, it is that the honor of three is saved, our country, our masters, and our own.",2.7699671000009403,6.38,0.4341641222572007,0.29411764705882354,451.0546875,472.30078125,21.24609375,cpu,62.20566520001739
Faster-Whisper Small,6930-75918-0016,yes i need repose many things have agitated me to day both in mind and body when you return to morrow i shall no longer be the same man,"yes, i need repose. many things have agitated me today, both in mind and body. when you return tomorrow, i shall no longer be the same man.",3.2458407999947667,10.015,0.32409793309982693,0.27586206896551724,451.0546875,472.30078125,21.24609375,cpu,62.20566520001739
Faster-Whisper Small,6930-75918-0017,but in this friendly pressure raoul could detect the nervous agitation of a great internal conflict,"but in this friendly pressure, raoul could detect the nervous agitation of a great internal conflict.",2.858948600012809,6.16,0.46411503246961183,0.125,451.0546875,472.30078125,21.24609375,cpu,62.20566520001739
Faster-Whisper Small,6930-75918-0018,the night was clear starlit and splendid the tempest had passed away and the sweet influences of the evening had restored life peace and security everywhere,"the night was clear, starlit and splendid. the tempest had passed away and the sweet influences of the evening had restored life, peace and security everywhere.",3.1475038999924436,10.81,0.2911659481954157,0.15384615384615385,451.0546875,472.30078125,21.24609375,cpu,62.20566520001739
Faster-Whisper Small,6930-75918-0019,upon the large square in front of the hotel the shadows of the tents intersected by the golden moonbeams formed as it were a huge mosaic of jet and yellow flagstones,"upon the large square in front of the hotel, the shadows of the tents intersected by the golden moon beams formed as it were a huge mosaic of jet and yellow flagstones.",3.210982300020987,11.6450625,0.2757376613496911,0.12903225806451613,451.0546875,472.30078125,21.24609375,cpu,62.20566520001739
Wav2Vec2 Base 960h,6930-75918-0000,concord returned to its place amidst the tents,concord returned to its place amidst the tents,1.0072066000138875,3.505,0.28736279600966835,0.0,472.30078125,481.48046875,9.1796875,cpu,25.477475899999263
Wav2Vec2 Base 960h,6930-75918-0001,the english forwarded to the french baskets of flowers of which they had made a plentiful provision to greet the arrival of the young princess the french in return invited the english to a supper which was to be given the next day,the english foted to the french baskets of flowers of which they had made a plentiful provision to greet the arrival of the young princess the french in return invited the english to a supper which was to be given the next day,1.7469860000128392,14.225,0.12281096660898694,0.023255813953488372,472.30078125,481.48046875,9.1796875,cpu,25.477475899999263
Wav2Vec2 Base 960h,6930-75918-0002,congratulations were poured in upon the princess everywhere during her journey,congratulations were poured in upon the princess everywhere during her journey,0.5015024000022095,5.025,0.09980147263725561,0.0,472.30078125,481.48046875,9.1796875,cpu,25.477475899999263
Wav2Vec2 Base 960h,6930-75918-0003,from the respect paid her on all sides she seemed like a queen and from the adoration with which she was treated by two or three she appeared an object of worship the queen mother gave the french the most affectionate reception france was her native country and she had suffered too much unhappiness in england for england to have made her forget france,from the respect paid her on all sides she seemed like a queen and from the adoration with which she was treated by two or three she appeared an object of worship the queenmother gave the french the most affectionate reception france was her native country and she had suffered too much unhappiness in england for england to have made her forget france,3.2179667000018526,23.315,0.13802130388170072,0.03125,472.30078125,481.48046875,9.1796875,cpu,25.477475899999263
Wav2Vec2 Base 960h,6930-75918-0004,she taught her daughter then by her own affection for it that love for a country where they had both been hospitably received and where a brilliant future opened before them,she taught her daughter then by her own affection for it that love for a country where they had both been hospitably received and where a brilliant future opened for them,1.1405778999906033,11.065,0.10307979213652087,0.03225806451612903,472.30078125,481.48046875,9.1796875,cpu,25.477475899999263
Wav2Vec2 Base 960h,6930-75918-0005,the count had thrown himself back on his seat leaning his shoulders against the partition of the tent and remained thus his face buried in his hands with heaving chest and restless limbs,the count had thrown himself back on his seat leaning his shoulders against the partition of the tent and remained thus his face buried in his hands with heaving chest and restless limbs,1.7108665999840014,13.16,0.13000506078905785,0.0,472.30078125,481.48046875,9.1796875,cpu,25.477475899999263
Wav2Vec2 Base 960h,6930-75918-0006,this has indeed been a harassing day continued the young man his eyes fixed upon his friend,this has indeed been a harassing day continued the young man his eyes fixed upon his friend,0.6135143999999855,5.85,0.10487425641025393,0.0,472.30078125,481.48046875,9.1796875,cpu,25.477475899999263
Wav2Vec2 Base 960h,6930-75918-0007,you will be frank with me i always am,you will be frank with me i always am,0.33284960000310093,3.315,0.10040711915628987,0.0,472.30078125,481.48046875,9.1796875,cpu,25.477475899999263
Wav2Vec2 Base 960h,6930-75918-0008,can you imagine why buckingham has been so violent i suspect,can you imagine why buckingham has been so violent i suspect,0.48433040000963956,4.785,0.1012184744011786,0.0,472.30078125,481.48046875,9.1796875,cpu,25.477475899999263
Wav2Vec2 Base 960h,6930-75918-0009,it is you who are mistaken raoul i have read his distress in his eyes in his every gesture and action the whole day,it is you who are mistaken raul i have read his distress in his eyes in his every gesture and action the whole day,0.7102847999776714,7.28,0.09756659340352627,0.041666666666666664,472.30078125,481.48046875,9.1796875,cpu,25.477475899999263
Wav2Vec2 Base 960h,6930-75918-0010,i can perceive love clearly enough,i can perceive love clearly enough,0.29764020000584424,3.035,0.09806925865101951,0.0,472.30078125,481.48046875,9.1796875,cpu,25.477475899999263
Wav2Vec2 Base 960h,6930-75918-0011,i am convinced of what i say said the count,i am convinced of what i say said the count,0.3150663999840617,3.195,0.0986123317633996,0.0,472.30078125,481.48046875,9.1796875,cpu,25.477475899999263
Wav2Vec2 Base 960h,6930-75918-0012,it is annoyance then,it is annoyance then,0.22182969999266788,1.94,0.11434520618178758,0.0,472.30078125,481.48046875,9.1796875,cpu,25.477475899999263
Wav2Vec2 Base 960h,6930-75918-0013,in those very terms i even added more,in those very terms i even added more,0.32640550000360236,2.94,0.11102227891278992,0.0,472.30078125,481.48046875,9.1796875,cpu,25.477475899999263
Wav2Vec2 Base 960h,6930-75918-0014,but continued raoul not interrupted by this movement of his friend heaven be praised the french who are pronounced to be thoughtless and indiscreet reckless even are capable of bringing a calm and sound judgment to bear on matters of such high importance,but continued raoul not interrupted by this movement of his friend heaven bepraised the french who are pronounced to be thoughtless and indiscreet reckless even are capable of bringing a calm and sound judgment to bear on matters of such high importance,2.275356700003613,16.84,0.13511619358691287,0.046511627906976744,472.30078125,481.48046875,9.1796875,cpu,25.477475899999263
Wav2Vec2 Base 960h,6930-75918-0015,thus it is that the honor of three is saved our country's our master's and our own,thus it is that the honour of three is saved our country our masters and our own,0.646172500011744,6.38,0.10128095611469341,0.17647058823529413,472.30078125,481.48046875,9.1796875,cpu,25.477475899999263
Wav2Vec2 Base 960h,6930-75918-0016,yes i need repose many things have agitated me to day both in mind and body when you return to morrow i shall no longer be the same man,yes i need repose many things have agitated me to day both in mind and body when you return to morrow i shall no longer be the same man,1.0351635000261012,10.015,0.1033613080405493,0.0,472.30078125,481.48046875,9.1796875,cpu,25.477475899999263
Wav2Vec2 Base 960h,6930-75918-0017,but in this friendly pressure raoul could detect the nervous agitation of a great internal conflict,but in this friendly pressure row could detect the nervous agitation of a great internal conflict,0.6466731999826152,6.16,0.10497941558159338,0.0625,472.30078125,481.48046875,9.1796875,cpu,25.477475899999263
Wav2Vec2 Base 960h,6930-75918-0018,the night was clear starlit and splendid the tempest had passed away and the sweet influences of the evening had restored life peace and security everywhere,the night was clear starlet and splendid the tempest had passed away and the sweet influences of the evening had restored life peace and security everywhere,1.1658525000093505,10.81,0.10784944495923686,0.038461538461538464,472.30078125,481.48046875,9.1796875,cpu,25.477475899999263
Wav2Vec2 Base 960h,6930-75918-0019,upon the large square in front of the hotel the shadows of the tents intersected by the golden moonbeams formed as it were a huge mosaic of jet and yellow flagstones,upon the large square in front of the hotel the shadows of the tents intersected by the golden moonbeams formed as it were a huge mosaic of jet and yellow flagstones,1.2537223000254016,11.6450625,0.10766127704556344,0.0,472.30078125,481.48046875,9.1796875,cpu,25.477475899999263
