model,sample_id,reference,prediction,latency_sec,wer,device,memory_rss_before_mb,memory_rss_after_mb,memory_delta_mb,model_total_runtime_sec,condition
Whisper Small,6930-75918-0000,concord returned to its place amidst the tents,concorde returned to its place amidst the tents.,6.897278699994786,0.25,cpu,431.92578125,391.51171875,-40.4140625,121.20326550000755,noisy_10db_snr
Whisper Small,6930-75918-0001,the english forwarded to the french baskets of flowers of which they had made a plentiful provision to greet the arrival of the young princess the french in return invited the english to a supper which was to be given the next day,"the english voted to the french baskets of flowers of which they had made a plentiful provision to greet the arrival of the young princess. the french, in return, invited the english to a supper, which was to be given the next day.",6.873935900002834,0.13953488372093023,cpu,431.92578125,391.51171875,-40.4140625,121.20326550000755,noisy_10db_snr
Whisper Small,6930-75918-0002,congratulations were poured in upon the princess everywhere during her journey,congratulations were poured in upon the princess everywhere during her journey.,4.682908500006306,0.09090909090909091,cpu,431.92578125,391.51171875,-40.4140625,121.20326550000755,noisy_10db_snr
Whisper Small,6930-75918-0003,from the respect paid her on all sides she seemed like a queen and from the adoration with which she was treated by two or three she appeared an object of worship the queen mother gave the french the most affectionate reception france was her native country and she had suffered too much unhappiness in england for england to have made her forget france,"from the respect paid her on all signs, she seemed like a queen, and from the adoration with which she was treated by two or three, she appeared an object of worship. the queen mother gave the french the most affectionate reception. france was her native country, and she had suffered too much unhappiness in england for england to have made her forget france.",8.270946599994204,0.109375,cpu,431.92578125,391.51171875,-40.4140625,121.20326550000755,noisy_10db_snr
Whisper Small,6930-75918-0004,she taught her daughter then by her own affection for it that love for a country where they had both been hospitably received and where a brilliant future opened before them,"she taught her daughter, then, by her own affection for it, that love for a country where they had both been hospitably received and where a brilliant future opened for them.",5.9882396000029985,0.16129032258064516,cpu,431.92578125,391.51171875,-40.4140625,121.20326550000755,noisy_10db_snr
Whisper Small,6930-75918-0005,the count had thrown himself back on his seat leaning his shoulders against the partition of the tent and remained thus his face buried in his hands with heaving chest and restless limbs,"the count had thrown himself back on his seat, leaning his shoulders against the partition of the tent and remained thus, his face buried in his hands with heaving chest and restless limbs.",6.002753599997959,0.09090909090909091,cpu,431.92578125,391.51171875,-40.4140625,121.20326550000755,noisy_10db_snr
Whisper Small,6930-75918-0006,this has indeed been a harassing day continued the young man his eyes fixed upon his friend,"this has indeed been a harassing day, continued the young man, his eyes fixed upon his friend.",5.08764529999462,0.17647058823529413,cpu,431.92578125,391.51171875,-40.4140625,121.20326550000755,noisy_10db_snr
Whisper Small,6930-75918-0007,you will be frank with me i always am,you will be frank with me. i always am,4.469067400001222,0.1111111111111111,cpu,431.92578125,391.51171875,-40.4140625,121.20326550000755,noisy_10db_snr
Whisper Small,6930-75918-0008,can you imagine why buckingham has been so violent i suspect,can you imagine why buckingham has been so violent? i suspect.,4.728373499994632,0.18181818181818182,cpu,431.92578125,391.51171875,-40.4140625,121.20326550000755,noisy_10db_snr
Whisper Small,6930-75918-0009,it is you who are mistaken raoul i have read his distress in his eyes in his every gesture and action the whole day,"it is you who are mistaken, rao. i have read his distress in his eyes, in his every gesture and action the whole day.",5.512852799991379,0.16666666666666666,cpu,431.92578125,391.51171875,-40.4140625,121.20326550000755,noisy_10db_snr
Whisper Small,6930-75918-0010,i can perceive love clearly enough,i can perceive love clearly enough.,4.270475299999816,0.16666666666666666,cpu,431.92578125,391.51171875,-40.4140625,121.20326550000755,noisy_10db_snr
Whisper Small,6930-75918-0011,i am convinced of what i say said the count,"i am convinced of what i say,"" said the count.",4.7397083999967435,0.2,cpu,431.92578125,391.51171875,-40.4140625,121.20326550000755,noisy_10db_snr
Whisper Small,6930-75918-0012,it is annoyance then,it is annoyance then.,4.235866999995778,0.25,cpu,431.92578125,391.51171875,-40.4140625,121.20326550000755,noisy_10db_snr
Whisper Small,6930-75918-0013,in those very terms i even added more,"in those very terms, i even added more.",4.442173699993873,0.25,cpu,431.92578125,391.51171875,-40.4140625,121.20326550000755,noisy_10db_snr
Whisper Small,6930-75918-0014,but continued raoul not interrupted by this movement of his friend heaven be praised the french who are pronounced to be thoughtless and indiscreet reckless even are capable of bringing a calm and sound judgment to bear on matters of such high importance,"but, continued rao, not interrupted by this movement of his friend, heaven be praised, the french, who are pronounced to be thoughtless and indiscreet, reckless even, are capable of bringing a calm and sound judgment to bear on matters of such high importance.",7.338590799990925,0.18604651162790697,cpu,431.92578125,391.51171875,-40.4140625,121.20326550000755,noisy_10db_snr
Whisper Small,6930-75918-0015,thus it is that the honor of three is saved our country's our master's and our own,"thus, it is that the honor of three is saved, our country, our masters, and our own.",5.255550100002438,0.29411764705882354,cpu,431.92578125,391.51171875,-40.4140625,121.20326550000755,noisy_10db_snr
Whisper Small,6930-75918-0016,yes i need repose many things have agitated me to day both in mind and body when you return to morrow i shall no longer be the same man,"yes, i need repose. many things have agitated me today, both in mind and body. when you return tomorrow, i shall no longer be the same man.",5.965925799988327,0.27586206896551724,cpu,431.92578125,391.51171875,-40.4140625,121.20326550000755,noisy_10db_snr
Whisper Small,6930-75918-0017,but in this friendly pressure raoul could detect the nervous agitation of a great internal conflict,"but in this friendly pressure, rao could detect the nervous agitation of a great internal conflict.",5.137137700003223,0.1875,cpu,431.92578125,391.51171875,-40.4140625,121.20326550000755,noisy_10db_snr
Whisper Small,6930-75918-0018,the night was clear starlit and splendid the tempest had passed away and the sweet influences of the evening had restored life peace and security everywhere,"the night was clear, starlit and splendid. the tempest had passed away and the sweet influences of the evening had restored life, peace, and security everywhere.",5.730086099996697,0.19230769230769232,cpu,431.92578125,391.51171875,-40.4140625,121.20326550000755,noisy_10db_snr
Whisper Small,6930-75918-0019,upon the large square in front of the hotel the shadows of the tents intersected by the golden moonbeams formed as it were a huge mosaic of jet and yellow flagstones,"upon the large square in front of the hotel, the shadows of the tents intersected by the golden moonbeams formed as it were a huge mosaic of jet and yellow flagstones.",6.275309000004199,0.06451612903225806,cpu,431.92578125,391.51171875,-40.4140625,121.20326550000755,noisy_10db_snr
Faster-Whisper Small,6930-75918-0000,concord returned to its place amidst the tents,concorde returned to its place amidst the tents.,2.923455099997227,0.25,cpu,391.76953125,415.13671875,23.3671875,65.50732050000806,noisy_10db_snr
Faster-Whisper Small,6930-75918-0001,the english forwarded to the french baskets of flowers of which they had made a plentiful provision to greet the arrival of the young princess the french in return invited the english to a supper which was to be given the next day,"the english voted to the french baskets of flowers of which they had made a plentiful provision to greet the arrival of the young princess. the french, in return, invited the english to a supper, which was to be given the next day.",3.5464452000014717,0.13953488372093023,cpu,391.76953125,415.13671875,23.3671875,65.50732050000806,noisy_10db_snr
Faster-Whisper Small,6930-75918-0002,congratulations were poured in upon the princess everywhere during her journey,congratulations were poured in upon the princess everywhere during her journey.,2.7045360999909462,0.09090909090909091,cpu,391.76953125,415.13671875,23.3671875,65.50732050000806,noisy_10db_snr
Faster-Whisper Small,6930-75918-0003,from the respect paid her on all sides she seemed like a queen and from the adoration with which she was treated by two or three she appeared an object of worship the queen mother gave the french the most affectionate reception france was her native country and she had suffered too much unhappiness in england for england to have made her forget france,"from the respect paid her on all signs, she seemed like a queen, and from the adoration with which she was treated by two or three, she appeared an object of worship. the queen mother gave the french the most affectionate reception. france was her native country, and she had suffered too much unhappiness in england for england to have made her forget france.",4.099150099995313,0.109375,cpu,391.76953125,415.13671875,23.3671875,65.50732050000806,noisy_10db_snr
Faster-Whisper Small,6930-75918-0004,she taught her daughter then by her own affection for it that love for a country where they had both been hospitably received and where a brilliant future opened before them,"she taught her daughter, then, by her own affection for it, that love for a country where they had both been hospitably received and where a brilliant future opened for them.",3.13558240000566,0.16129032258064516,cpu,391.76953125,415.13671875,23.3671875,65.50732050000806,noisy_10db_snr
Faster-Whisper Small,6930-75918-0005,the count had thrown himself back on his seat leaning his shoulders against the partition of the tent and remained thus his face buried in his hands with heaving chest and restless limbs,"the count had thrown himself back on his seat, leaning his shoulders against the partition of the tent and remained thus, his face buried in his hands with heaving chest and restless limbs.",3.3762140999897383,0.09090909090909091,cpu,391.76953125,415.13671875,23.3671875,65.50732050000806,noisy_10db_snr
Faster-Whisper Small,6930-75918-0006,this has indeed been a harassing day continued the young man his eyes fixed upon his friend,"this has indeed been a harassing day, continued the young man, his eyes fixed upon his friend.",2.9604170999955386,0.17647058823529413,cpu,391.76953125,415.13671875,23.3671875,65.50732050000806,noisy_10db_snr
Faster-Whisper Small,6930-75918-0007,you will be frank with me i always am,you will be frank with me. i always am,2.6293248000001768,0.1111111111111111,cpu,391.76953125,415.13671875,23.3671875,65.50732050000806,noisy_10db_snr
Faster-Whisper Small,6930-75918-0008,can you imagine why buckingham has been so violent i suspect,can you imagine why buckingham has been so violent? i suspect.,2.7682709000073373,0.18181818181818182,cpu,391.76953125,415.13671875,23.3671875,65.50732050000806,noisy_10db_snr
Faster-Whisper Small,6930-75918-0009,it is you who are mistaken raoul i have read his distress in his eyes in his every gesture and action the whole day,"it is you who are mistaken, raul. i have read his distress in his eyes, in his every gesture and action the whole day.",3.0099095000041416,0.16666666666666666,cpu,391.76953125,415.13671875,23.3671875,65.50732050000806,noisy_10db_snr
Faster-Whisper Small,6930-75918-0010,i can perceive love clearly enough,i can perceive love clearly enough.,2.5585447999910684,0.16666666666666666,cpu,391.76953125,415.13671875,23.3671875,65.50732050000806,noisy_10db_snr
Faster-Whisper Small,6930-75918-0011,i am convinced of what i say said the count,"i am convinced of what i say, said the count.",2.6024540000071283,0.2,cpu,391.76953125,415.13671875,23.3671875,65.50732050000806,noisy_10db_snr
Faster-Whisper Small,6930-75918-0012,it is annoyance then,it is annoyance then.,2.566347699990729,0.25,cpu,391.76953125,415.13671875,23.3671875,65.50732050000806,noisy_10db_snr
Faster-Whisper Small,6930-75918-0013,in those very terms i even added more,"in those very terms, i even added more.",2.7018748999980744,0.25,cpu,391.76953125,415.13671875,23.3671875,65.50732050000806,noisy_10db_snr
Faster-Whisper Small,6930-75918-0014,but continued raoul not interrupted by this movement of his friend heaven be praised the french who are pronounced to be thoughtless and indiscreet reckless even are capable of bringing a calm and sound judgment to bear on matters of such high importance,"but, continued rao, not interrupted by this movement of his friend, heaven be praised, the french, who are pronounced to be thoughtless and indiscreet, reckless even, are capable of bringing a calm and sound judgment to bear on matters of such high importance.",4.131259199988563,0.18604651162790697,cpu,391.76953125,415.13671875,23.3671875,65.50732050000806,noisy_10db_snr
Faster-Whisper Small,6930-75918-0015,thus it is that the honor of three is saved our country's our master's and our own,"thus, it is that the honor of three is saved, our country, our masters, and our own.",3.143081299989717,0.29411764705882354,cpu,391.76953125,415.13671875,23.3671875,65.50732050000806,noisy_10db_snr
Faster-Whisper Small,6930-75918-0016,yes i need repose many things have agitated me to day both in mind and body when you return to morrow i shall no longer be the same man,"yes, i need repose. many things have agitated me today, both in mind and body. when you return tomorrow, i shall no longer be the same man.",3.5872272999986308,0.27586206896551724,cpu,391.76953125,415.13671875,23.3671875,65.50732050000806,noisy_10db_snr
Faster-Whisper Small,6930-75918-0017,but in this friendly pressure raoul could detect the nervous agitation of a great internal conflict,"but in this friendly pressure, raoul could detect the nervous agitation of a great internal conflict.",3.2458389999956125,0.125,cpu,391.76953125,415.13671875,23.3671875,65.50732050000806,noisy_10db_snr
Faster-Whisper Small,6930-75918-0018,the night was clear starlit and splendid the tempest had passed away and the sweet influences of the evening had restored life peace and security everywhere,"the night was clear, starlit and splendid. the tempest had passed away and the sweet influences of the evening had restored life, peace, and security everywhere.",3.664296499991906,0.19230769230769232,cpu,391.76953125,415.13671875,23.3671875,65.50732050000806,noisy_10db_snr
Faster-Whisper Small,6930-75918-0019,upon the large square in front of the hotel the shadows of the tents intersected by the golden moonbeams formed as it were a huge mosaic of jet and yellow flagstones,"upon the large square in front of the hotel, the shadows of the tents intersected by the golden moonbeams formed as it were a huge mosaic of jet and yellow flagstones.",3.5048670999967726,0.06451612903225806,cpu,391.76953125,415.13671875,23.3671875,65.50732050000806,noisy_10db_snr
Wav2Vec2 Base 960h,6930-75918-0000,concord returned to its place amidst the tents,concord returned to its place amidst the tents,1.0446713999990607,0.0,cpu,415.140625,320.5234375,-94.6171875,28.52647570001136,noisy_10db_snr
Wav2Vec2 Base 960h,6930-75918-0001,the english forwarded to the french baskets of flowers of which they had made a plentiful provision to greet the arrival of the young princess the french in return invited the english to a supper which was to be given the next day,the english voted to the french baskets of flowers of which they had made a plantof provision to greet the arrival of the young princess the french in return invited the english to a supper which was to be given the next day,1.9256554000021424,0.046511627906976744,cpu,415.140625,320.5234375,-94.6171875,28.52647570001136,noisy_10db_snr
Wav2Vec2 Base 960h,6930-75918-0002,congratulations were poured in upon the princess everywhere during her journey,congratulations were poured in upon the princess everywhere during her journey,0.5584587999910582,0.0,cpu,415.140625,320.5234375,-94.6171875,28.52647570001136,noisy_10db_snr
Wav2Vec2 Base 960h,6930-75918-0003,from the respect paid her on all sides she seemed like a queen and from the adoration with which she was treated by two or three she appeared an object of worship the queen mother gave the french the most affectionate reception france was her native country and she had suffered too much unhappiness in england for england to have made her forget france,from the respect paid her on all sins she seemed like the queen and from the adoration which which she was treated by two or three she appeared an object of worshion the queen mother ad the french the most affectionate reception france was her native coun tryh and she had suffered too much unhappiness in england for england to have made her forget france,3.6769773999985773,0.109375,cpu,415.140625,320.5234375,-94.6171875,28.52647570001136,noisy_10db_snr
Wav2Vec2 Base 960h,6930-75918-0004,she taught her daughter then by her own affection for it that love for a country where they had both been hospitably received and where a brilliant future opened before them,she taught her daughter then by her own affection for it that love for a country where they had both been hospitably received and where a brilliant future open for them,1.2493320999928983,0.06451612903225806,cpu,415.140625,320.5234375,-94.6171875,28.52647570001136,noisy_10db_snr
Wav2Vec2 Base 960h,6930-75918-0005,the count had thrown himself back on his seat leaning his shoulders against the partition of the tent and remained thus his face buried in his hands with heaving chest and restless limbs,the count had thrown himself back on his seat leaning his shoulders against the partition of the tent and remained thus his face buried in his hands with heaving chest and restless limbs,1.6524906999984523,0.0,cpu,415.140625,320.5234375,-94.6171875,28.52647570001136,noisy_10db_snr
Wav2Vec2 Base 960h,6930-75918-0006,this has indeed been a harassing day continued the young man his eyes fixed upon his friend,this has indeed been a harassing day continued the young man his eyes fixed upon his friend,0.6296913999976823,0.0,cpu,415.140625,320.5234375,-94.6171875,28.52647570001136,noisy_10db_snr
Wav2Vec2 Base 960h,6930-75918-0007,you will be frank with me i always am,you will be frank with me i always am,0.3880154000071343,0.0,cpu,415.140625,320.5234375,-94.6171875,28.52647570001136,noisy_10db_snr
Wav2Vec2 Base 960h,6930-75918-0008,can you imagine why buckingham has been so violent i suspect,can your imagine why buckingham has been so violent i suspect,0.5274720000015805,0.09090909090909091,cpu,415.140625,320.5234375,-94.6171875,28.52647570001136,noisy_10db_snr
Wav2Vec2 Base 960h,6930-75918-0009,it is you who are mistaken raoul i have read his distress in his eyes in his every gesture and action the whole day,it is you who are mistaken raoul i have read his distress in his eyes in his every gesture and action the whole day,0.7913272000005236,0.0,cpu,415.140625,320.5234375,-94.6171875,28.52647570001136,noisy_10db_snr
Wav2Vec2 Base 960h,6930-75918-0010,i can perceive love clearly enough,i can perceive love clearly enough,0.3352143999945838,0.0,cpu,415.140625,320.5234375,-94.6171875,28.52647570001136,noisy_10db_snr
Wav2Vec2 Base 960h,6930-75918-0011,i am convinced of what i say said the count,i am convinced of what i say said the count,0.3574193000094965,0.0,cpu,415.140625,320.5234375,-94.6171875,28.52647570001136,noisy_10db_snr
Wav2Vec2 Base 960h,6930-75918-0012,it is annoyance then,it is annoyance then,0.3005962000024738,0.0,cpu,415.140625,320.5234375,-94.6171875,28.52647570001136,noisy_10db_snr
Wav2Vec2 Base 960h,6930-75918-0013,in those very terms i even added more,in those very terms i even add more,0.3478410999960033,0.125,cpu,415.140625,320.5234375,-94.6171875,28.52647570001136,noisy_10db_snr
Wav2Vec2 Base 960h,6930-75918-0014,but continued raoul not interrupted by this movement of his friend heaven be praised the french who are pronounced to be thoughtless and indiscreet reckless even are capable of bringing a calm and sound judgment to bear on matters of such high importance,but continued raoul not intrrupted by this movement of his friend heaven bepraised the french who are pronounced to be thoughtless and indiscreet reckless even are capable of bringing a calm and sound judgment to baron matters of such high importance e,2.383007800002815,0.13953488372093023,cpu,415.140625,320.5234375,-94.6171875,28.52647570001136,noisy_10db_snr
Wav2Vec2 Base 960h,6930-75918-0015,thus it is that the honor of three is saved our country's our master's and our own,thus it is that the honor of three es sate our country our masters and our own,0.6753161999949953,0.23529411764705882,cpu,415.140625,320.5234375,-94.6171875,28.52647570001136,noisy_10db_snr
Wav2Vec2 Base 960h,6930-75918-0016,yes i need repose many things have agitated me to day both in mind and body when you return to morrow i shall no longer be the same man,yes i need repose many things have agitated me to day both in mind and body when you return to morrow i shall no longer be the same man,1.2231139999930747,0.0,cpu,415.140625,320.5234375,-94.6171875,28.52647570001136,noisy_10db_snr
Wav2Vec2 Base 960h,6930-75918-0017,but in this friendly pressure raoul could detect the nervous agitation of a great internal conflict,but in this friendly pressure ral could detect the nervous agitation of a great internal conflict,0.6627566999959527,0.0625,cpu,415.140625,320.5234375,-94.6171875,28.52647570001136,noisy_10db_snr
Wav2Vec2 Base 960h,6930-75918-0018,the night was clear starlit and splendid the tempest had passed away and the sweet influences of the evening had restored life peace and security everywhere,the night was clear starlet and splendid the tempest tad passed away and the sweet influences of the evening had restored life peace and security everywhere,1.2581515999918338,0.07692307692307693,cpu,415.140625,320.5234375,-94.6171875,28.52647570001136,noisy_10db_snr
Wav2Vec2 Base 960h,6930-75918-0019,upon the large square in front of the hotel the shadows of the tents intersected by the golden moonbeams formed as it were a huge mosaic of jet and yellow flagstones,upon the large square in front of the hotel the shadows of the tents intersected by the golden moonbeams formed as it were a huge moseg of jet and yellow flagstones,1.5283588000020245,0.03225806451612903,cpu,415.140625,320.5234375,-94.6171875,28.52647570001136,noisy_10db_snr
